barrio;ciudad;Costo Prom;STD Costo;Costo Med;Prom $/m2 Total;STD $/m2 Total;Med $/m2 Total;Prom $/m2 Edif;STD $/m2 Edif;Med $/m2 Edif;Cant
10 DE AGOSTO;CORDOBA;165643.0;143002.0;95000.0;427.0;320.0;338.0;929.0;440.0;646.0;14
16 DE NOVIEMBRE;CORDOBA;29167.0;5795.0;30000.0;107.0;26.0;121.0;387.0;208.0;278.0;3
9 DE JULIO;LA CALERA;69500.0;;69500.0;154.0;;154.0;278.0;;278.0;1
A.T.E.;CORDOBA;118650.0;56252.0;100400.0;718.0;370.0;718.0;960.0;381.0;1072.0;12
AATRA;CORDOBA;78000.0;;78000.0;39.0;;39.0;441.0;;441.0;1
ACOSTA;CORDOBA;41317.0;17582.0;34000.0;175.0;89.0;154.0;251.0;63.0;272.0;6
ALBERDI;CORDOBA;58406.0;43820.0;45000.0;861.0;293.0;880.0;635.0;304.0;586.0;570
ALEJANDRO CARBO;CORDOBA;28000.0;;28000.0;140.0;;140.0;241.0;;241.0;1
ALEJANDRO CENTENO;CORDOBA;185407.0;89205.0;150000.0;503.0;219.0;476.0;799.0;191.0;768.0;27
ALEM L.N.(E);CORDOBA;38000.0;;38000.0;250.0;;250.0;388.0;;388.0;1
ALEM L.N.(O);CORDOBA;53500.0;25929.0;47500.0;394.0;143.0;368.0;357.0;132.0;357.0;4
ALTA CORDOBA;CORDOBA;76452.0;51009.0;60000.0;790.0;355.0;817.0;605.0;255.0;581.0;424
ALTAMIRA;CORDOBA;60600.0;26424.0;58000.0;291.0;118.0;266.0;456.0;126.0;437.0;25
ALTO ALBERDI;CORDOBA;69329.0;48165.0;52000.0;734.0;387.0;778.0;537.0;193.0;541.0;435
ALTO GENERAL PAZ;CORDOBA;66606.0;39969.0;55000.0;525.0;563.0;375.0;433.0;187.0;451.0;41
ALTO HERMOSO;CORDOBA;190000.0;;190000.0;263.0;;263.0;1050.0;;1050.0;1
ALTO PALERMO;CORDOBA;211538.0;55317.0;240000.0;524.0;237.0;500.0;873.0;175.0;773.0;13
ALTO VERDE;CORDOBA;163575.0;79953.0;143000.0;888.0;887.0;558.0;804.0;205.0;759.0;109
ALTO WARCALDE;LA CALERA;290000.0;0.0;290000.0;697.0;31.0;701.0;1146.0;56.0;1151.0;4
ALTOS DE LA CALERA;LA CALERA;96867.0;30173.0;89000.0;607.0;258.0;664.0;876.0;283.0;810.0;15
ALTOS DE MANANTIALES;CORDOBA;188412.0;72300.0;195000.0;1009.0;315.0;904.0;1170.0;423.0;1368.0;17
ALTOS DE SAN MARTIN;CORDOBA;139167.0;63943.0;142500.0;624.0;177.0;633.0;807.0;248.0;842.0;12
ALTOS DE SANTA ANA;CORDOBA;57167.0;13512.0;52000.0;264.0;48.0;290.0;457.0;155.0;457.0;3
ALTOS DE VELEZ SARSFIELD;CORDOBA;84083.0;44824.0;77500.0;352.0;183.0;319.0;540.0;268.0;587.0;12
ALTOS DE VILLA CABRERA;CORDOBA;157217.0;52638.0;153500.0;573.0;289.0;499.0;841.0;220.0;895.0;18
ALTOS DE VILLA SOL;CORDOBA;139764.0;133492.0;100000.0;1357.0;274.0;1289.0;;;;39
ALTOS DEL CHATEAU;CORDOBA;516562.0;194284.0;560000.0;521.0;292.0;433.0;1372.0;313.0;1388.0;32
AMEGHINO NORTE;CORDOBA;39000.0;;39000.0;78.0;;78.0;307.0;;307.0;1
AMEGHINO SUD;CORDOBA;68833.0;18829.0;65000.0;268.0;117.0;224.0;403.0;114.0;455.0;12
AMP. LAS PALMAS;CORDOBA;52500.0;24749.0;52500.0;392.0;105.0;392.0;569.0;;569.0;2
AMP. PALMAR;CORDOBA;98000.0;;98000.0;389.0;;389.0;867.0;;867.0;1
AMP. PUEYRREDON;CORDOBA;74600.0;35750.0;74000.0;314.0;231.0;266.0;439.0;261.0;374.0;10
AMP. RESIDENCIAL AMERICA;CORDOBA;49800.0;16738.0;47000.0;233.0;117.0;188.0;377.0;133.0;342.0;15
AMP. ROSEDAL;CORDOBA;115000.0;;115000.0;436.0;;436.0;548.0;;548.0;1
AMP. SAN FERNANDO;CORDOBA;35000.0;;35000.0;85.0;;85.0;307.0;;307.0;1
AMP. SAN PABLO;CORDOBA;58455.0;24853.0;57000.0;486.0;253.0;492.0;531.0;234.0;377.0;11
AMPL. CERVECEROS;CORDOBA;28000.0;;28000.0;286.0;;286.0;359.0;;359.0;1
AMPL. LOS PLATANOS;CORDOBA;69000.0;;69000.0;225.0;;225.0;445.0;;445.0;1
AMPL. MATIENZO;CORDOBA;40000.0;;40000.0;533.0;;533.0;;;;1
AMPL. POETA LUGONES;CORDOBA;147500.0;102530.0;147500.0;448.0;231.0;448.0;998.0;357.0;998.0;2
AMPL. PRIMERO DE MAYO;CORDOBA;47000.0;2828.0;47000.0;159.0;44.0;159.0;630.0;467.0;630.0;2
ANISACATE;A.T.E.;31200.0;;31200.0;67.0;;67.0;297.0;;297.0;1
ARGUELLO;CORDOBA;171275.0;81160.0;160000.0;544.0;861.0;413.0;852.0;283.0;835.0;268
ARGUELLO LOURDES;CORDOBA;70000.0;;70000.0;138.0;;138.0;318.0;;318.0;1
ARGUELLO NORTE;CORDOBA;87906.0;50897.0;87000.0;311.0;278.0;191.0;559.0;255.0;570.0;32
ARTIGAS;CORDOBA;62667.0;13650.0;65000.0;312.0;96.0;310.0;534.0;209.0;433.0;3
AVENIDA;CORDOBA;97615.0;39619.0;90000.0;726.0;564.0;458.0;615.0;199.0;620.0;13
AYACUCHO;CORDOBA;134689.0;61681.0;119900.0;486.0;204.0;444.0;727.0;258.0;674.0;55
AYRES DEL SUR;CORDOBA;571316.0;112136.0;580000.0;695.0;317.0;590.0;1542.0;297.0;1583.0;19
BAJADA DE PIEDRA;CORDOBA;49000.0;;49000.0;258.0;;258.0;301.0;;301.0;1
BAJO GALAN;CORDOBA;50000.0;;50000.0;1000.0;;1000.0;;;;1
BAJO GENERAL PAZ;CORDOBA;71612.0;37951.0;55000.0;815.0;828.0;625.0;606.0;117.0;550.0;8
BAJO PALERMO;CORDOBA;122780.0;49011.0;110000.0;725.0;586.0;551.0;783.0;281.0;721.0;44
BALCONES DEL CHATEU;CORDOBA;90045.0;34227.0;78500.0;930.0;301.0;837.0;787.0;;787.0;31
BARRANCAS DEL SUR;CORDOBA;596250.0;61288.0;597500.0;596.0;61.0;598.0;1441.0;137.0;1454.0;4
BARRANCAS NORTE;CORDOBA;549000.0;97581.0;549000.0;525.0;79.0;525.0;1212.0;408.0;1212.0;2
BARRIO NORTE;VILLA ALLENDE;72800.0;15922.0;70000.0;427.0;111.0;403.0;665.0;143.0;700.0;10
BELLA VISTA;CORDOBA;47361.0;27271.0;37500.0;234.0;144.0;179.0;335.0;128.0;297.0;23
BELLA VISTA OESTE;CORDOBA;25000.0;;25000.0;439.0;;439.0;;;;1
BIALET MASSE;CORDOBA;85538.0;61226.0;80000.0;323.0;373.0;212.0;683.0;493.0;591.0;13
BOSQUE ALEGRE;VILLA ALLENDE;360000.0;0.0;360000.0;207.0;0.0;207.0;996.0;6.0;996.0;2
BOWER;CORDOBA;78000.0;;78000.0;98.0;;98.0;1114.0;;1114.0;1
BRIGADIER SAN MARTIN;CORDOBA;64000.0;19799.0;64000.0;239.0;64.0;239.0;341.0;61.0;341.0;2
CABANA DEL PILAR;CORDOBA;84500.0;36062.0;84500.0;989.0;547.0;989.0;;;;2
CABILDO;CORDOBA;42857.0;14531.0;45000.0;159.0;51.0;159.0;382.0;88.0;380.0;7
CABO FARINA;CORDOBA;82429.0;63950.0;65000.0;174.0;74.0;195.0;565.0;463.0;409.0;7
CACERES;CORDOBA;58000.0;31113.0;58000.0;241.0;36.0;241.0;440.0;43.0;440.0;2
CALERA CENTRAL;LA CALERA;84500.0;707.0;84500.0;416.0;218.0;416.0;560.0;;560.0;2
CALIFORNIA;CORDOBA;62500.0;43023.0;51500.0;485.0;164.0;527.0;579.0;53.0;579.0;4
CAMINO SAN ANTONIO;CORDOBA;336667.0;2887.0;335000.0;768.0;605.0;831.0;1043.0;265.0;957.0;3
CAMINO SAN CARLOS;CORDOBA;175000.0;;175000.0;1029.0;;1029.0;;;;1
CAMPINAS DEL SUR;CORDOBA;428000.0;59224.0;420000.0;285.0;39.0;280.0;1070.0;237.0;1200.0;5
CANITAS;CORDOBA;210917.0;46141.0;210000.0;768.0;276.0;790.0;1141.0;196.0;1114.0;24
CANUELAS;CORDOBA;419974.0;181792.0;520000.0;640.0;361.0;413.0;1383.0;248.0;1396.0;38
CANUELAS CHICOS;CORDOBA;189900.0;33531.0;185000.0;1062.0;165.0;1028.0;1097.0;137.0;1108.0;30
CARRARA DE HORIZONTE;CORDOBA;32444.0;9554.0;30000.0;222.0;106.0;192.0;549.0;135.0;600.0;9
CASEROS;CORDOBA;93000.0;32741.0;85000.0;460.0;90.0;433.0;715.0;82.0;715.0;3
CASONAS DE PARQUE;CORDOBA;260000.0;;260000.0;2167.0;;2167.0;;;;1
CASONAS DE VALPARAISO;CORDOBA;256667.0;40415.0;280000.0;2022.0;269.0;1867.0;;;;3
CASONAS DEL SUR I;CORDOBA;198000.0;;198000.0;2475.0;;2475.0;;;;1
CASONAS DEL SUR II;CORDOBA;155000.0;0.0;155000.0;1146.0;206.0;1146.0;;;;2
CENTENARIO;CORDOBA;157400.0;77505.0;142500.0;523.0;259.0;502.0;803.0;171.0;798.0;20
CENTRO;CORDOBA;83816.0;69721.0;61500.0;998.0;434.0;978.0;853.0;342.0;824.0;1002
CENTRO;LA CALERA;103429.0;60821.0;85000.0;464.0;279.0;386.0;757.0;281.0;642.0;28
CENTRO AMERICA;CORDOBA;71676.0;28698.0;62000.0;333.0;227.0;267.0;450.0;147.0;400.0;25
CENTRO DE VILLA ALLENDE;VILLA ALLENDE;125657.0;75665.0;96000.0;610.0;405.0;500.0;910.0;473.0;874.0;47
CERRO CHICO;CORDOBA;161050.0;99162.0;135000.0;519.0;205.0;457.0;909.0;252.0;897.0;20
CERRO DE LAS ROSAS;CORDOBA;269545.0;127564.0;245000.0;627.0;526.0;444.0;923.0;380.0;840.0;293
CERRO NORTE;CORDOBA;68692.0;27164.0;65000.0;303.0;119.0;326.0;643.0;227.0;679.0;13
CERVECEROS;CORDOBA;66000.0;15909.0;68000.0;253.0;100.0;247.0;489.0;92.0;453.0;10
CHACRA DEL NORTE;CORDOBA;172526.0;34335.0;169000.0;883.0;155.0;907.0;1037.0;140.0;1028.0;90
CHACRA DEL SUR;CORDOBA;168600.0;12403.0;173000.0;950.0;195.0;961.0;994.0;79.0;989.0;15
CHACRAS DE LA VILLA;VILLA ALLENDE;356485.0;83290.0;345000.0;370.0;302.0;311.0;1164.0;254.0;1143.0;39
CHATEAU CARRERAS;CORDOBA;134770.0;55879.0;125000.0;1277.0;726.0;1389.0;726.0;223.0;725.0;80
CINCO LOMAS;LA CALERA;393636.0;80377.0;375000.0;318.0;231.0;234.0;1006.0;301.0;1071.0;11
CIUDADELA;CORDOBA;122000.0;81727.0;80000.0;705.0;641.0;322.0;640.0;273.0;637.0;7
CLAROS DEL BOSQUE;CORDOBA;172700.0;61367.0;162500.0;789.0;185.0;767.0;1106.0;235.0;1050.0;40
COFICO;CORDOBA;82324.0;54881.0;60000.0;1021.0;306.0;1044.0;736.0;233.0;720.0;310
COLINAS DE BELLA VISTA;CORDOBA;45000.0;;45000.0;300.0;;300.0;600.0;;600.0;1
COLINAS DE MANANTIALES;CORDOBA;131000.0;32197.0;130000.0;655.0;93.0;663.0;996.0;206.0;1024.0;7
COLINAS DE V. SARSFIELD;CORDOBA;108206.0;38566.0;105000.0;448.0;266.0;412.0;637.0;210.0;617.0;48
COLINAS DEL CERRO;CORDOBA;174211.0;123087.0;139000.0;583.0;365.0;559.0;866.0;251.0;922.0;19
COLON;CORDOBA;82644.0;45445.0;70000.0;365.0;165.0;335.0;500.0;214.0;451.0;45
COMARCA DE ALLENDE;CORDOBA;150250.0;40655.0;150000.0;452.0;166.0;415.0;928.0;106.0;926.0;16
COMARCA DE ALLENDE;VILLA ALLENDE;153746.0;27657.0;157500.0;498.0;228.0;444.0;927.0;170.0;929.0;28
COMERCIAL;CORDOBA;162667.0;190437.0;83000.0;387.0;326.0;250.0;584.0;92.0;584.0;3
CONDOR;CORDOBA;175000.0;;175000.0;547.0;;547.0;875.0;;875.0;1
CONDOR ALTO;VILLA ALLENDE;211843.0;117025.0;185000.0;439.0;460.0;211.0;761.0;311.0;808.0;32
CONDOR BAJO;VILLA ALLENDE;164750.0;111963.0;140500.0;509.0;427.0;362.0;1112.0;638.0;1125.0;8
CONGRESO;CORDOBA;30375.0;5154.0;31750.0;101.0;17.0;106.0;456.0;429.0;323.0;4
CORRAL DE PALOS;CORDOBA;45000.0;4243.0;45000.0;149.0;50.0;149.0;380.0;141.0;380.0;2
COUNTRY CLUB;CORDOBA;613333.0;70946.0;600000.0;652.0;403.0;593.0;1492.0;516.0;1446.0;3
COVICO;LA CALERA;38000.0;12124.0;45000.0;546.0;167.0;643.0;;;;3
CRISOL NORTE;CORDOBA;83054.0;29131.0;80000.0;795.0;484.0;800.0;634.0;237.0;595.0;35
CRISOL SUD;CORDOBA;105375.0;50596.0;94000.0;488.0;246.0;417.0;546.0;166.0;547.0;40
CUATRO HOJAS;CORDOBA;223111.0;54538.0;230000.0;270.0;263.0;184.0;952.0;442.0;920.0;9
CUATRO HOJAS;MENDIOLAZA;256345.0;69014.0;260000.0;286.0;279.0;187.0;889.0;263.0;862.0;40
CUESTA COLORADA;LA CALERA;92891.0;44400.0;95000.0;627.0;265.0;633.0;784.0;185.0;765.0;57
CUMBRES;VILLA ALLENDE;144545.0;67211.0;135000.0;448.0;303.0;395.0;822.0;302.0;924.0;11
CUMBRES DEL GOLF;VILLA ALLENDE;168925.0;70909.0;170000.0;296.0;285.0;197.0;804.0;226.0;802.0;20
CUPANI;CORDOBA;54000.0;16371.0;50000.0;312.0;128.0;323.0;402.0;134.0;402.0;3
DEAN FUNES;CORDOBA;55556.0;17144.0;57500.0;313.0;190.0;272.0;452.0;123.0;450.0;18
DISTRITO SUR;CORDOBA;113056.0;2750.0;113056.0;457.0;210.0;457.0;871.0;318.0;871.0;2
DOCTA URBANIZACION INTELIGENTE;CORDOBA;102668.0;20089.0;102000.0;590.0;166.0;558.0;835.0;145.0;818.0;196
DON BOSCO;CORDOBA;92227.0;35633.0;87000.0;518.0;301.0;421.0;841.0;243.0;875.0;22
DUCASSE;CORDOBA;46571.0;13477.0;47000.0;598.0;228.0;705.0;677.0;244.0;609.0;7
EJERCITO ARGENTINO;CORDOBA;25000.0;0.0;25000.0;417.0;0.0;417.0;;;;2
EL BOSQUE;CORDOBA;514896.0;86022.0;500000.0;356.0;165.0;327.0;1270.0;301.0;1267.0;53
EL BOSQUE;LA CALERA;477667.0;73580.0;450000.0;400.0;257.0;333.0;1230.0;451.0;1248.0;9
EL CABILDO;CORDOBA;640000.0;;640000.0;320.0;;320.0;1882.0;;1882.0;1
EL CALICANTO;LA CALERA;350000.0;;350000.0;302.0;;302.0;1400.0;;1400.0;1
EL PUEBLITO;CORDOBA;35000.0;;35000.0;117.0;;117.0;175.0;;175.0;1
EL REFUGIO;CORDOBA;177136.0;54886.0;167450.0;543.0;352.0;407.0;876.0;171.0;891.0;14
EL RODEO;LA CALERA;300000.0;55678.0;290000.0;619.0;65.0;583.0;1335.0;198.0;1389.0;3
EL TALAR;MENDIOLAZA;153730.0;70469.0;144900.0;304.0;303.0;230.0;841.0;248.0;873.0;67
EL TREBOL;CORDOBA;112857.0;27667.0;110000.0;495.0;162.0;457.0;613.0;135.0;646.0;7
EMPALME;CORDOBA;81170.0;54374.0;66500.0;300.0;167.0;264.0;417.0;142.0;432.0;46
ESCOBAR;CORDOBA;123267.0;74693.0;105000.0;637.0;453.0;476.0;744.0;248.0;696.0;30
ESPANOL;VILLA ALLENDE;64380.0;25461.0;72000.0;423.0;403.0;360.0;666.0;320.0;673.0;5
ESTACION DEL CARMEN;MALAGUENO;205200.0;86998.0;189000.0;95.0;44.0;84.0;870.0;277.0;738.0;5
ESTACION FLORES;CORDOBA;39000.0;8287.0;38000.0;166.0;127.0;117.0;353.0;97.0;351.0;4
ESTANCIA EL TERRON;MENDIOLAZA;462857.0;89850.0;430000.0;468.0;216.0;410.0;1263.0;251.0;1238.0;28
ESTANCIA Q2;MENDIOLAZA;474438.0;131087.0;475000.0;439.0;219.0;381.0;1169.0;431.0;1121.0;32
FERRER;CORDOBA;48000.0;;48000.0;192.0;;192.0;369.0;;369.0;1
FERREYRA;CORDOBA;75600.0;38331.0;90000.0;182.0;74.0;176.0;306.0;94.0;330.0;5
FERROVIARIO MITRE;CORDOBA;49450.0;20474.0;46000.0;299.0;220.0;240.0;350.0;135.0;289.0;4
FINCAS DEL SUR I;CORDOBA;410523.0;76317.0;380000.0;225.0;26.0;221.0;1188.0;293.0;1071.0;17
FINCAS DEL SUR II;CORDOBA;391524.0;68973.0;410000.0;398.0;307.0;307.0;1113.0;148.0;1098.0;21
FONTANAS DEL SUR;CORDOBA;157362.0;36727.0;154500.0;2129.0;1410.0;1773.0;;;;16
FORTIN DEL POZO;CORDOBA;477471.0;56971.0;450000.0;394.0;493.0;220.0;1273.0;173.0;1277.0;17
GENERAL ARTIGAS;CORDOBA;112455.0;65727.0;90000.0;454.0;323.0;357.0;690.0;308.0;654.0;11
GENERAL BELGRANO;CORDOBA;43500.0;4950.0;43500.0;578.0;597.0;578.0;296.0;;296.0;2
GENERAL BUSTOS;CORDOBA;52938.0;21845.0;53000.0;350.0;195.0;307.0;376.0;123.0;390.0;55
GENERAL LAMADRID;CORDOBA;53000.0;;53000.0;188.0;;188.0;379.0;;379.0;1
GENERAL PAZ;CORDOBA;88373.0;46072.0;75000.0;1199.0;428.0;1180.0;791.0;318.0;733.0;889
GENERAL SAVIO;CORDOBA;45000.0;11804.0;48500.0;151.0;59.0;163.0;393.0;74.0;430.0;4
GENERAL URQUIZA;CORDOBA;205000.0;134350.0;205000.0;322.0;31.0;322.0;655.0;78.0;655.0;2
GOLF;VILLA ALLENDE;246362.0;89860.0;240000.0;369.0;414.0;237.0;983.0;308.0;954.0;160
GRANJA DE FUNES;CORDOBA;171443.0;75660.0;160000.0;465.0;296.0;378.0;2172.0;12716.0;765.0;91
GREENVILLE;CORDOBA;290867.0;117055.0;380000.0;486.0;274.0;319.0;1218.0;142.0;1267.0;15
GREENVILLE 2;CORDOBA;179849.0;26498.0;180000.0;986.0;207.0;974.0;1121.0;221.0;1094.0;119
GUAYAQUIL;CORDOBA;79000.0;;79000.0;316.0;;316.0;608.0;;608.0;1
GUEMES;CORDOBA;68493.0;60746.0;51000.0;993.0;386.0;1000.0;731.0;386.0;750.0;150
GUINAZU;CORDOBA;83062.0;63051.0;59750.0;107.0;71.0;90.0;410.0;257.0;373.0;8
GUINAZU SUR;CORDOBA;26500.0;;26500.0;147.0;;147.0;147.0;;147.0;1
HIPOLITO IRIGOYEN;CORDOBA;51667.0;14434.0;60000.0;192.0;14.0;200.0;224.0;20.0;219.0;3
HORIZONTE;CORDOBA;43300.0;11300.0;42000.0;359.0;245.0;280.0;571.0;61.0;544.0;5
HOUSING Y CONDOMINIOS;VILLA ALLENDE;99223.0;18912.0;95000.0;817.0;393.0;864.0;961.0;156.0;950.0;13
INAUDI;CORDOBA;120788.0;78066.0;103000.0;490.0;285.0;412.0;834.0;303.0;878.0;33
INAUDI;ICHO CRUZ;202500.0;17678.0;202500.0;51.0;4.0;51.0;1060.0;93.0;1060.0;2
INDEPENDENCIA;CORDOBA;90500.0;41589.0;94500.0;691.0;373.0;630.0;596.0;133.0;596.0;4
INDUSTRIAL;LA CALERA;79950.0;14213.0;79950.0;270.0;82.0;270.0;324.0;76.0;324.0;2
INDUSTRIAL;VILLA ALLENDE;63000.0;;63000.0;197.0;;197.0;750.0;;750.0;1
IPONA;CORDOBA;87042.0;43364.0;90000.0;556.0;205.0;480.0;720.0;213.0;657.0;24
ITUZAINGO;CORDOBA;49182.0;19864.0;42000.0;189.0;63.0;168.0;347.0;88.0;323.0;11
ITUZAINGO ANEXO;CORDOBA;28000.0;;28000.0;106.0;;106.0;162.0;;162.0;1
JARDIN;CORDOBA;140468.0;80222.0;119000.0;766.0;512.0;593.0;764.0;271.0;711.0;129
JARDIN CLARET;CORDOBA;197571.0;71634.0;189500.0;1084.0;587.0;940.0;1088.0;199.0;1039.0;66
JARDIN DE HORIZONTE;CORDOBA;48000.0;;48000.0;259.0;;259.0;453.0;;453.0;1
JARDIN DE LOS BOULEVARES;CORDOBA;141667.0;57795.0;127500.0;660.0;244.0;641.0;819.0;223.0;780.0;6
JARDIN DEL PILAR;CORDOBA;87431.0;56335.0;73000.0;270.0;126.0;254.0;505.0;175.0;500.0;16
JARDIN DEL VALLE;CORDOBA;175000.0;;175000.0;729.0;;729.0;1029.0;;1029.0;1
JARDIN ESPINOSA;CORDOBA;232066.0;100385.0;235000.0;620.0;403.0;519.0;903.0;247.0;912.0;99
JARDIN HIPODROMO;CORDOBA;116329.0;41712.0;115000.0;855.0;531.0;649.0;956.0;204.0;894.0;7
JARDINES DE LA ESTANZUELA;LA CALERA;83083.0;18734.0;87000.0;1078.0;203.0;1082.0;;;;12
JARDINES DEL JOCKEY;CORDOBA;296600.0;93025.0;312500.0;693.0;247.0;768.0;1127.0;221.0;1112.0;20
JARDINES DEL OLMO;CORDOBA;96658.0;13141.0;95000.0;591.0;169.0;528.0;904.0;212.0;888.0;12
JERONIMO L. CABRERA;CORDOBA;75000.0;;75000.0;250.0;;250.0;487.0;;487.0;1
JOCKEY CLUB;CORDOBA;550769.0;118063.0;580000.0;630.0;518.0;551.0;1514.0;295.0;1424.0;39
JORGE NEWBERY;CORDOBA;97923.0;41574.0;90000.0;292.0;101.0;303.0;536.0;162.0;565.0;13
JOSE HERNANDEZ;CORDOBA;55955.0;21903.0;58000.0;232.0;106.0;172.0;373.0;101.0;385.0;11
JOSE IGNACIO DIAZ SE;CORDOBA;50091.0;17473.0;47000.0;167.0;102.0;134.0;424.0;161.0;391.0;11
JUAN B. JUSTO;CORDOBA;59000.0;;59000.0;236.0;;236.0;536.0;;536.0;1
JUAN XXIII;CORDOBA;91857.0;19970.0;90000.0;398.0;137.0;354.0;546.0;163.0;571.0;7
JUNIORS;CORDOBA;118622.0;72396.0;115000.0;707.0;249.0;661.0;792.0;224.0;774.0;78
KENNEDY;CORDOBA;132300.0;192523.0;47000.0;515.0;137.0;515.0;775.0;597.0;574.0;10
LA CALANDRIA;CORDOBA;121707.0;24911.0;122000.0;763.0;240.0;722.0;960.0;133.0;971.0;60
LA CAMPANA;LA CALERA;26000.0;;26000.0;193.0;;193.0;193.0;;193.0;1
LA CAROLINA;CORDOBA;255481.0;75036.0;255000.0;535.0;207.0;512.0;1107.0;240.0;1134.0;64
LA CASCADA COUNTRY GOLF;CORDOBA;527732.0;101346.0;517500.0;486.0;341.0;367.0;1271.0;146.0;1257.0;34
LA CATALINA;CORDOBA;129538.0;34480.0;122500.0;640.0;172.0;630.0;997.0;134.0;992.0;24
LA CATALINA;VILLA ALLENDE;104500.0;21920.0;104500.0;581.0;122.0;581.0;1036.0;108.0;1036.0;2
LA CUESTA;LA CALERA;301841.0;102237.0;300000.0;498.0;305.0;425.0;1168.0;272.0;1111.0;82
LA DESEADA;LA CALERA;298750.0;156715.0;310000.0;314.0;315.0;233.0;1046.0;263.0;1029.0;12
LA ESTANZUELA;LA CALERA;188792.0;45889.0;195000.0;573.0;239.0;488.0;1017.0;255.0;1014.0;39
LA FALDA;LA CAROLINA;120000.0;;120000.0;600.0;;600.0;1000.0;;1000.0;1
LA FRANCE;CORDOBA;62600.0;18585.0;65000.0;287.0;116.0;267.0;480.0;189.0;428.0;15
LA FRATERNIDAD;CORDOBA;50000.0;;50000.0;365.0;;365.0;714.0;;714.0;1
LA HERRADURA;CORDOBA;380000.0;;380000.0;211.0;;211.0;950.0;;950.0;1
LA HERRADURA;VILLA ALLENDE;359679.0;73608.0;350000.0;261.0;219.0;210.0;1592.0;2598.0;1177.0;28
LA LUISITA;CORDOBA;205995.0;41889.0;188500.0;1042.0;213.0;1044.0;1102.0;119.0;1055.0;20
LA MORADA;VILLA ALLENDE;329875.0;84535.0;305000.0;467.0;148.0;461.0;1088.0;172.0;1092.0;16
LA PALOMA;VILLA ALLENDE;328167.0;38617.0;330000.0;345.0;336.0;201.0;1092.0;241.0;1100.0;12
LA PANKANA;CORDOBA;390000.0;70711.0;390000.0;488.0;88.0;488.0;1194.0;29.0;1194.0;2
LA PAYA I;CORDOBA;115000.0;;115000.0;1045.0;;1045.0;;;;1
LA PAYA II;CORDOBA;138181.0;50324.0;125000.0;926.0;176.0;904.0;1119.0;491.0;1080.0;21
LA RESERVA;CORDOBA;425833.0;77959.0;415000.0;506.0;267.0;461.0;1267.0;207.0;1222.0;24
LA RUFINA;LA CALERA;461687.0;100114.0;450000.0;489.0;226.0;446.0;1346.0;254.0;1348.0;83
LA SALLE;CORDOBA;153231.0;50860.0;155000.0;542.0;266.0;552.0;946.0;244.0;923.0;13
LA SANTINA;CORDOBA;515833.0;56073.0;522500.0;518.0;409.0;367.0;1268.0;82.0;1222.0;6
LA SERENA;CORDOBA;150000.0;;150000.0;478.0;;478.0;;;;1
LA SERENA;VILLA ALLENDE;420000.0;;420000.0;333.0;;333.0;;;;1
LA TABLADA;CORDOBA;90000.0;;90000.0;243.0;;243.0;625.0;;625.0;1
LAMADRID;CORDOBA;49800.0;17210.0;50000.0;339.0;288.0;344.0;439.0;216.0;409.0;5
LAS CANITAS BARRIO PRIVADO;MALAGUENO;204478.0;45094.0;210000.0;441.0;165.0;411.0;1028.0;179.0;1050.0;67
LAS DALIAS;CORDOBA;158500.0;194505.0;67000.0;229.0;26.0;236.0;947.0;470.0;694.0;4
LAS DELICIAS;CORDOBA;532242.0;91176.0;550000.0;359.0;163.0;324.0;1070.0;364.0;1044.0;33
LAS FLORES;CORDOBA;99919.0;93533.0;70000.0;358.0;205.0;300.0;520.0;138.0;490.0;31
LAS LILAS;CORDOBA;44833.0;12003.0;40000.0;180.0;53.0;189.0;379.0;1.0;379.0;3
LAS MAGNOLIAS;CORDOBA;63700.0;15781.0;66000.0;261.0;128.0;198.0;495.0;212.0;398.0;7
LAS MARGARITAS;CORDOBA;68688.0;21086.0;70500.0;324.0;138.0;294.0;584.0;204.0;585.0;16
LAS MARIAS;CORDOBA;450000.0;0.0;450000.0;275.0;35.0;275.0;1490.0;;1490.0;2
LAS MORAS;CORDOBA;310000.0;;310000.0;230.0;;230.0;1550.0;;1550.0;1
LAS PALMAS;CORDOBA;65651.0;23579.0;63000.0;558.0;385.0;437.0;499.0;280.0;454.0;61
LAS ROSAS;CORDOBA;167946.0;72104.0;159000.0;1362.0;735.0;1345.0;900.0;293.0;991.0;48
LICEO GENERAL PAZ;CORDOBA;49000.0;15910.0;42000.0;179.0;49.0;175.0;373.0;100.0;355.0;8
LOMAS DE LA CAROLINA;CORDOBA;551395.0;100681.0;580000.0;763.0;3296.0;369.0;1313.0;277.0;1328.0;81
LOMAS DE LOS CAROLINOS;CORDOBA;475000.0;88129.0;475000.0;311.0;58.0;305.0;1295.0;169.0;1343.0;4
LOMAS DE MANANTIALES;CORDOBA;145250.0;8421.0;145500.0;968.0;56.0;970.0;1148.0;176.0;1065.0;4
LOMAS DE SAN MARTIN;CORDOBA;137110.0;63142.0;149900.0;557.0;226.0;526.0;739.0;214.0;711.0;31
LOMAS DEL CHATEAU;CORDOBA;111645.0;28518.0;112000.0;779.0;243.0;667.0;880.0;111.0;880.0;31
LOMAS DEL SUQUIA;CORDOBA;77000.0;2828.0;77000.0;865.0;292.0;865.0;988.0;;988.0;2
LOMAS ESTE;VILLA ALLENDE;201000.0;95388.0;200000.0;295.0;203.0;223.0;908.0;261.0;898.0;10
LOMAS OESTE;VILLA ALLENDE;98500.0;44938.0;94000.0;493.0;470.0;354.0;665.0;326.0;540.0;8
LOMAS SUR;VILLA ALLENDE;131583.0;89257.0;100000.0;450.0;399.0;405.0;781.0;271.0;875.0;12
LOS ARBOLES;CORDOBA;550000.0;;550000.0;705.0;;705.0;1667.0;;1667.0;1
LOS BOULEVARES;CORDOBA;106436.0;63734.0;92000.0;359.0;301.0;255.0;642.0;333.0;514.0;58
LOS CAROLINOS;CORDOBA;241323.0;68682.0;235000.0;571.0;285.0;522.0;1102.0;339.0;1134.0;31
LOS CIELOS;CORDOBA;345000.0;;345000.0;406.0;;406.0;1232.0;;1232.0;1
LOS GIGANTES;CORDOBA;63000.0;19862.0;60000.0;302.0;155.0;320.0;515.0;142.0;562.0;9
LOS GRANADOS;CORDOBA;42367.0;11053.0;43000.0;187.0;87.0;176.0;397.0;52.0;391.0;15
LOS JACARANDAES;CORDOBA;44000.0;;44000.0;157.0;;157.0;220.0;;220.0;1
LOS MIMBRES;CORDOBA;360000.0;77782.0;360000.0;299.0;136.0;299.0;1203.0;24.0;1203.0;2
LOS NARANJOS;CORDOBA;91321.0;43042.0;82500.0;420.0;210.0;373.0;633.0;216.0;583.0;42
LOS NOGALES;CORDOBA;56000.0;12728.0;56000.0;318.0;144.0;318.0;439.0;;439.0;2
LOS OLMOS;CORDOBA;79333.0;35658.0;63500.0;347.0;228.0;250.0;590.0;476.0;440.0;6
LOS OLMOS SUD;CORDOBA;74000.0;57862.0;50000.0;809.0;834.0;516.0;450.0;93.0;450.0;3
LOS PARAISOS;CORDOBA;67013.0;21523.0;67000.0;324.0;121.0;312.0;426.0;166.0;401.0;29
LOS PINOS;CORDOBA;46500.0;;46500.0;363.0;;363.0;460.0;;460.0;1
LOS PLATANOS;CORDOBA;71997.0;51109.0;58000.0;306.0;182.0;261.0;489.0;241.0;483.0;31
LOS PRADOS;LA CALERA;80444.0;14867.0;76000.0;786.0;155.0;792.0;855.0;350.0;913.0;9
LOS PRADOS II;LA CALERA;74112.0;9450.0;75000.0;602.0;223.0;560.0;810.0;193.0;843.0;17
LOS ROBLES;CORDOBA;68962.0;22382.0;65000.0;286.0;195.0;251.0;535.0;237.0;472.0;13
LOS SOLES;CORDOBA;410000.0;56569.0;410000.0;801.0;282.0;801.0;1367.0;189.0;1367.0;2
MAIPU SECCION 1;CORDOBA;112443.0;50014.0;109500.0;483.0;238.0;440.0;597.0;174.0;593.0;74
MAIPU SECCION 2;CORDOBA;142122.0;73333.0;130000.0;715.0;1340.0;445.0;898.0;1400.0;647.0;32
MALAGUENO;CAUSANA;294500.0;64402.0;305000.0;588.0;725.0;308.0;1176.0;458.0;1000.0;4
MALAGUENO;CORDOBA;225000.0;;225000.0;500.0;;500.0;804.0;;804.0;1
MALAGUENO;LA ARBOLADA HOLLYWOOD;190000.0;;190000.0;864.0;;864.0;;;;1
MANANTIALES;CORDOBA;141730.0;85972.0;123500.0;811.0;354.0;718.0;967.0;214.0;935.0;196
MANSOS DEL SUR;CORDOBA;162167.0;26679.0;164500.0;968.0;161.0;956.0;1120.0;57.0;1127.0;12
MARCELO T. DE ALVEAR;CORDOBA;48500.0;19092.0;48500.0;531.0;400.0;531.0;411.0;;411.0;2
MARCOS SASTRE;CORDOBA;97000.0;69995.0;71500.0;412.0;349.0;286.0;625.0;333.0;548.0;4
MARECHAL;CORDOBA;45800.0;16725.0;38000.0;252.0;50.0;271.0;336.0;137.0;333.0;3
MARIANO BALCARCE;CORDOBA;68889.0;30068.0;75000.0;362.0;226.0;340.0;554.0;120.0;611.0;9
MARIANO FRAGUEIRO;CORDOBA;35000.0;0.0;35000.0;140.0;0.0;140.0;269.0;;269.0;2
MARQ. DE SOBREMONTE;CORDOBA;108213.0;54644.0;100000.0;349.0;207.0;290.0;658.0;279.0;627.0;83
MATIENZO;CORDOBA;65577.0;24174.0;60000.0;328.0;157.0;274.0;554.0;390.0;469.0;62
MAURIZZI;CORDOBA;95000.0;;95000.0;235.0;;235.0;848.0;;848.0;1
MENDIOLAZA GOLF;MENDIOLAZA;156580.0;105065.0;129900.0;122.0;13.0;121.0;887.0;253.0;928.0;5
MERCANTIL;CORDOBA;43000.0;4359.0;45000.0;178.0;25.0;180.0;446.0;6.0;446.0;3
MIRADOR;CORDOBA;94667.0;78240.0;56000.0;371.0;178.0;306.0;518.0;248.0;492.0;6
MIRADORES DE MANANTIALES;CORDOBA;156015.0;47897.0;135000.0;858.0;200.0;860.0;1099.0;157.0;1099.0;89
MOSCONI;CORDOBA;41600.0;8764.0;40000.0;157.0;40.0;146.0;295.0;91.0;333.0;5
MULLER;CORDOBA;32600.0;3143.0;32000.0;174.0;43.0;180.0;213.0;50.0;213.0;3
NATANIA 19;CORDOBA;108250.0;14221.0;106500.0;433.0;29.0;439.0;918.0;278.0;925.0;4
NOBU TOWN;CORDOBA;43000.0;;43000.0;72.0;;72.0;1194.0;;1194.0;1
NUEVA CORDOBA;CORDOBA;113623.0;84665.0;85000.0;1431.0;422.0;1375.0;1346.0;648.0;1197.0;1652
NUEVA CORDOBA ANEXA;CORDOBA;72171.0;56745.0;57000.0;1003.0;244.0;998.0;421.0;;421.0;17
NUEVA ITALIA;CORDOBA;69917.0;30210.0;64500.0;295.0;182.0;256.0;456.0;203.0;355.0;12
NUEVO JARDIN;CORDOBA;89200.0;13198.0;95000.0;754.0;195.0;750.0;627.0;222.0;650.0;5
NUEVO POETA LUGONES;CORDOBA;138256.0;41312.0;132500.0;685.0;169.0;656.0;955.0;169.0;940.0;54
NUEVO URCA;CORDOBA;119268.0;29067.0;115000.0;716.0;187.0;700.0;966.0;246.0;922.0;31
OBRERO;CORDOBA;69667.0;25403.0;55000.0;711.0;330.0;902.0;596.0;;596.0;3
OBSERVATORIO;CORDOBA;55800.0;30629.0;48000.0;781.0;279.0;772.0;648.0;395.0;569.0;119
OLIVOS;CORDOBA;47000.0;11314.0;47000.0;157.0;38.0;157.0;440.0;;440.0;2
OLMOS;CORDOBA;54950.0;28214.0;54950.0;823.0;898.0;823.0;471.0;;471.0;2
ONA;CORDOBA;89333.0;35233.0;70000.0;431.0;234.0;309.0;454.0;76.0;454.0;3
OTRO;CORDOBA;179484.0;127788.0;150000.0;713.0;435.0;667.0;990.0;337.0;1043.0;125
OTRO;MENDIOLAZA;182602.0;89648.0;165000.0;283.0;285.0;183.0;867.0;280.0;846.0;53
OTRO;RIO CEBALLOS;115453.0;66912.0;90000.0;482.0;1762.0;178.0;737.0;277.0;727.0;86
OTRO;VILLA ALLENDE;130343.0;68746.0;112000.0;445.0;357.0;328.0;752.0;305.0;801.0;30
PADRE CLARET;CORDOBA;167932.0;53496.0;170000.0;585.0;394.0;490.0;915.0;183.0;909.0;31
PALMAR;CORDOBA;62500.0;20207.0;57500.0;197.0;71.0;200.0;437.0;57.0;431.0;4
PALMAS DE CLARET;CORDOBA;92500.0;39584.0;112500.0;781.0;213.0;802.0;1005.0;201.0;992.0;8
PANAMERICANO;CORDOBA;56083.0;22561.0;53500.0;281.0;130.0;242.0;488.0;161.0;454.0;12
PARQUE ALAMEDA;CORDOBA;121714.0;34879.0;130000.0;618.0;216.0;665.0;824.0;228.0;821.0;7
PARQUE ATLANTICA;CORDOBA;85679.0;32641.0;83000.0;392.0;218.0;328.0;636.0;129.0;624.0;14
PARQUE CAPITAL;CORDOBA;126848.0;51336.0;122500.0;456.0;228.0;407.0;746.0;226.0;760.0;50
PARQUE CAPITAL SUD;CORDOBA;89000.0;72200.0;66000.0;336.0;131.0;290.0;589.0;235.0;525.0;12
PARQUE CHACABUCO;CORDOBA;173305.0;66064.0;170000.0;466.0;177.0;442.0;704.0;132.0;702.0;39
PARQUE COREMA;CORDOBA;145177.0;91976.0;117000.0;559.0;265.0;450.0;933.0;179.0;900.0;31
PARQUE FUTURA;CORDOBA;135200.0;192823.0;50000.0;181.0;97.0;144.0;880.0;778.0;625.0;5
PARQUE HORIZONTE;CORDOBA;114375.0;36151.0;112500.0;386.0;145.0;367.0;631.0;173.0;612.0;40
PARQUE LATINO;CORDOBA;72000.0;13509.0;70000.0;523.0;331.0;576.0;501.0;270.0;580.0;5
PARQUE LICEO I;CORDOBA;73000.0;22522.0;65000.0;235.0;78.0;213.0;400.0;87.0;378.0;9
PARQUE LICEO II;CORDOBA;64571.0;18769.0;58000.0;214.0;93.0;200.0;451.0;85.0;431.0;7
PARQUE LICEO III;CORDOBA;46125.0;20225.0;46750.0;148.0;73.0;147.0;368.0;246.0;342.0;4
PARQUE LOS MOLINOS;CORDOBA;75000.0;33912.0;65000.0;416.0;256.0;263.0;681.0;211.0;646.0;7
PARQUE MONTECRISTO;CORDOBA;71000.0;10583.0;75000.0;253.0;203.0;236.0;19965.0;33805.0;465.0;3
PARQUE REPUBLICA;CORDOBA;42817.0;14876.0;37500.0;141.0;63.0;130.0;331.0;155.0;391.0;6
PARQUE SAN CARLOS;CORDOBA;79750.0;28194.0;79000.0;290.0;92.0;281.0;531.0;139.0;555.0;4
PARQUE SAN VICENTE;CORDOBA;80176.0;46080.0;70000.0;329.0;153.0;233.0;577.0;232.0;631.0;17
PARQUE TABLADA;CORDOBA;205000.0;35355.0;205000.0;640.0;178.0;640.0;985.0;319.0;985.0;2
PARQUE VELEZ SARSFIELD;CORDOBA;134622.0;43947.0;133500.0;492.0;347.0;400.0;650.0;200.0;626.0;86
PASO DE LOS ANDES;CORDOBA;138459.0;62228.0;133000.0;616.0;263.0;547.0;728.0;196.0;683.0;37
PATRIA;CORDOBA;142583.0;96537.0;144000.0;670.0;325.0;598.0;727.0;185.0;711.0;12
PATRICIOS;CORDOBA;46756.0;16195.0;45000.0;205.0;96.0;180.0;341.0;163.0;321.0;27
POETA LUGONES;CORDOBA;125390.0;34343.0;125000.0;547.0;334.0;512.0;852.0;254.0;816.0;78
POLICIAL;CORDOBA;60000.0;;60000.0;231.0;;231.0;429.0;;429.0;1
PORTAL DEL JACARANDA;CORDOBA;190000.0;;190000.0;253.0;;253.0;507.0;;507.0;1
PORTALES DEL SUR;CORDOBA;106500.0;12021.0;106500.0;557.0;137.0;557.0;739.0;22.0;739.0;2
PRADOS DE LA VILLA;CORDOBA;145000.0;;145000.0;276.0;;276.0;806.0;;806.0;1
PRADOS DE LA VILLA;VILLA ALLENDE;182000.0;38116.0;170000.0;492.0;294.0;427.0;1144.0;206.0;1151.0;15
PRADOS DE MANANTIALES;CORDOBA;119632.0;33110.0;113750.0;707.0;177.0;683.0;873.0;158.0;864.0;68
PRIMERA JUNTA;CORDOBA;90000.0;7071.0;90000.0;364.0;47.0;364.0;624.0;211.0;624.0;2
PRIMERO DE MAYO;CORDOBA;63185.0;42041.0;48000.0;229.0;163.0;179.0;402.0;217.0;353.0;13
PROVIDENCIA;CORDOBA;64649.0;42503.0;49750.0;792.0;299.0;839.0;575.0;162.0;598.0;82
PUENTE BLANCO;CORDOBA;62843.0;14375.0;68000.0;610.0;424.0;729.0;440.0;80.0;450.0;7
PUEYRREDON;CORDOBA;60630.0;39110.0;48000.0;580.0;320.0;588.0;455.0;210.0;406.0;196
QUEBRADA DE LAS ROSAS;CORDOBA;127686.0;97883.0;105000.0;680.0;393.0;560.0;743.0;209.0;733.0;83
QUEBRADAS DE MANANTIALES;CORDOBA;86500.0;9192.0;86500.0;680.0;91.0;680.0;816.0;102.0;816.0;2
QUINTA DE LOS NORES;CORDOBA;320000.0;170880.0;300000.0;634.0;457.0;500.0;1360.0;458.0;1468.0;3
QUINTAS DE ARGUELLO;CORDOBA;144258.0;71744.0;140000.0;320.0;122.0;320.0;736.0;198.0;740.0;31
QUINTAS DE FLORES;CORDOBA;281800.0;30186.0;299000.0;233.0;132.0;199.0;1054.0;259.0;1120.0;5
QUINTAS DE INAUDI;CORDOBA;450000.0;;450000.0;178.0;;178.0;1084.0;;1084.0;1
QUINTAS DE SANTA ANA;CORDOBA;138119.0;54300.0;130000.0;691.0;206.0;665.0;825.0;219.0;820.0;21
RAMON J. CARCANO;CORDOBA;65000.0;;65000.0;158.0;;158.0;650.0;;650.0;1
REMEDIOS DE ESCALADA;CORDOBA;55000.0;28284.0;55000.0;315.0;96.0;315.0;;;;2
RENACIMIENTO;CORDOBA;38000.0;;38000.0;148.0;;148.0;284.0;;284.0;1
RESIDENCIAL AMERICA;CORDOBA;69723.0;28604.0;60000.0;381.0;248.0;286.0;509.0;172.0;478.0;43
RESIDENCIAL CHATEAU CARRERAS;CORDOBA;117500.0;3536.0;117500.0;1369.0;149.0;1369.0;;;;2
RESIDENCIAL OESTE;CORDOBA;60000.0;0.0;60000.0;231.0;0.0;231.0;250.0;0.0;250.0;2
RESIDENCIAL OLIVOS;CORDOBA;50000.0;;50000.0;167.0;;167.0;333.0;;333.0;1
RESIDENCIAL SAN CARLOS;CORDOBA;83896.0;34220.0;86975.0;531.0;582.0;357.0;572.0;162.0;512.0;14
RESIDENCIAL SAN JOSE;CORDOBA;110000.0;;110000.0;550.0;;550.0;917.0;;917.0;1
RESIDENCIAL SAN ROQUE;CORDOBA;50000.0;39051.0;30000.0;201.0;203.0;120.0;353.0;68.0;316.0;3
RESIDENCIAL SANTA ANA;CORDOBA;84763.0;29419.0;82000.0;845.0;532.0;777.0;534.0;90.0;500.0;22
RESIDENCIAL SANTA ROSA;CORDOBA;80000.0;;80000.0;374.0;;374.0;;;;1
RESIDENCIAL SUD;CORDOBA;69000.0;12728.0;69000.0;247.0;9.0;247.0;381.0;80.0;381.0;2
RESIDENCIAL VELEZ SARFIELD;CORDOBA;112795.0;41904.0;107500.0;548.0;255.0;470.0;689.0;221.0;680.0;42
RIBERAS DE MANANTIALES;CORDOBA;259000.0;51889.0;290000.0;2872.0;3805.0;1333.0;1150.0;82.0;1150.0;5
RINCON DE MANANTIALES;CORDOBA;95000.0;8660.0;90000.0;716.0;161.0;720.0;763.0;68.0;763.0;3
RIVADAVIA;CORDOBA;77544.0;56192.0;65000.0;316.0;246.0;237.0;444.0;184.0;361.0;18
RIVERA INDARTE;CORDOBA;144548.0;49600.0;130000.0;487.0;355.0;303.0;777.0;242.0;753.0;29
ROCIO DEL SUR;CORDOBA;420000.0;;420000.0;280.0;;280.0;1200.0;;1200.0;1
ROGELIO MARTINEZ;CORDOBA;237484.0;85633.0;230000.0;829.0;249.0;760.0;1132.0;262.0;1155.0;31
ROSEDAL;CORDOBA;96444.0;52613.0;80000.0;352.0;173.0;288.0;586.0;304.0;538.0;27
SAN ALFONSO;VILLA ALLENDE;168025.0;60733.0;151500.0;375.0;252.0;364.0;936.0;258.0;939.0;36
SAN ALFONSO I;VILLA ALLENDE;228625.0;38615.0;249000.0;414.0;148.0;480.0;1115.0;204.0;1043.0;8
SAN ALFONSO II;VILLA ALLENDE;228333.0;37639.0;247500.0;408.0;45.0;412.0;1119.0;168.0;1156.0;6
SAN ANTONIO;CORDOBA;147000.0;121122.0;89000.0;464.0;579.0;220.0;857.0;267.0;986.0;5
SAN CARLOS;CORDOBA;113843.0;110137.0;85000.0;456.0;385.0;330.0;735.0;382.0;623.0;14
SAN CAYETANO;CORDOBA;50000.0;5657.0;50000.0;263.0;30.0;263.0;309.0;;309.0;2
SAN DANIEL;CORDOBA;98250.0;24541.0;86500.0;446.0;99.0;446.0;762.0;107.0;773.0;4
SAN FELIPE;CORDOBA;52500.0;3536.0;52500.0;180.0;4.0;180.0;382.0;245.0;382.0;2
SAN FERNANDO;CORDOBA;85410.0;41897.0;75000.0;578.0;501.0;416.0;670.0;276.0;633.0;40
SAN FRANCISCO;CORDOBA;95312.0;31716.0;92500.0;698.0;396.0;557.0;639.0;219.0;619.0;16
SAN IGNACIO;CORDOBA;99903.0;33696.0;100000.0;531.0;203.0;606.0;785.0;192.0;811.0;31
SAN IGNACIO VILLAGE;CORDOBA;126286.0;34827.0;120000.0;659.0;97.0;694.0;937.0;223.0;1089.0;7
SAN ISIDRO;CORDOBA;260462.0;187990.0;290000.0;470.0;285.0;357.0;886.0;223.0;847.0;13
SAN ISIDRO;VILLA ALLENDE;344526.0;120505.0;345000.0;446.0;236.0;381.0;1092.0;237.0;1112.0;57
SAN JAVIER;CORDOBA;32500.0;3536.0;32500.0;130.0;15.0;130.0;320.0;19.0;320.0;2
SAN JOSE;CORDOBA;166100.0;62989.0;160000.0;460.0;242.0;392.0;947.0;317.0;993.0;10
SAN LORENZO;CORDOBA;54667.0;23838.0;54500.0;192.0;104.0;166.0;368.0;105.0;357.0;6
SAN MARCELO;CORDOBA;159900.0;;159900.0;444.0;;444.0;;;;1
SAN MARTIN;CORDOBA;55687.0;47615.0;40600.0;619.0;282.0;625.0;486.0;174.0;486.0;178
SAN MARTIN NORTE;CORDOBA;72222.0;52356.0;45000.0;352.0;283.0;232.0;483.0;222.0;430.0;9
SAN NICOLAS;CORDOBA;80688.0;55911.0;61000.0;277.0;181.0;222.0;510.0;215.0;520.0;8
SAN PABLO;CORDOBA;79344.0;29765.0;80000.0;450.0;280.0;375.0;516.0;220.0;533.0;20
SAN RAFAEL;CORDOBA;81300.0;25082.0;77500.0;413.0;278.0;278.0;551.0;178.0;577.0;10
SAN ROQUE;CORDOBA;40000.0;7071.0;40000.0;171.0;77.0;171.0;412.0;;412.0;2
SAN SALVADOR;CORDOBA;132133.0;39329.0;139500.0;977.0;2008.0;598.0;1137.0;2230.0;773.0;60
SAN VICENTE;CORDOBA;54786.0;36955.0;46000.0;451.0;264.0;408.0;416.0;216.0;346.0;115
SANTA ANA;CORDOBA;130000.0;91924.0;130000.0;623.0;790.0;623.0;;;;2
SANTA CATALINA;CORDOBA;110000.0;;110000.0;336.0;;336.0;553.0;;553.0;1
SANTA CECILIA;CORDOBA;72000.0;4243.0;72000.0;234.0;22.0;234.0;514.0;137.0;514.0;2
SANTA CLARA DE ASIS;CORDOBA;81667.0;7638.0;80000.0;306.0;55.0;308.0;660.0;64.0;625.0;3
SANTA ISABEL;CORDOBA;80364.0;70418.0;59000.0;226.0;115.0;200.0;474.0;232.0;458.0;33
SANTA RITA;CORDOBA;168300.0;50122.0;150000.0;809.0;295.0;865.0;832.0;96.0;832.0;3
SANTINA NORTE;CORDOBA;386071.0;78620.0;395000.0;745.0;195.0;698.0;1201.0;206.0;1215.0;42
SARGENTO CABRAL;CORDOBA;45738.0;24027.0;39950.0;206.0;165.0;154.0;303.0;145.0;236.0;8
SARMIENTO;CORDOBA;69538.0;36152.0;59000.0;272.0;147.0;239.0;503.0;187.0;415.0;13
SEP;CORDOBA;28500.0;;28500.0;238.0;;238.0;;;;1
SIETE SOLES;CORDOBA;263430.0;73449.0;288000.0;548.0;261.0;483.0;1133.0;329.0;1079.0;64
SILVANO FUNES;CORDOBA;107500.0;3536.0;107500.0;280.0;175.0;280.0;429.0;100.0;429.0;2
SMATA;CORDOBA;87000.0;22793.0;90000.0;355.0;84.0;371.0;600.0;153.0;633.0;9
SMATA II;CORDOBA;108714.0;37089.0;115000.0;508.0;196.0;520.0;836.0;175.0;788.0;7
SOLARES DE MANANTIALES;CORDOBA;116375.0;26646.0;125000.0;729.0;146.0;692.0;1028.0;162.0;1063.0;8
SOLARES DE SAN ALFONSO;VILLA ALLENDE;300214.0;80171.0;282500.0;408.0;120.0;380.0;1118.0;217.0;1073.0;14
SOLARES DE SANTA MARIA;CORDOBA;165538.0;42239.0;180000.0;654.0;146.0;655.0;1037.0;215.0;1000.0;13
SOLARES DEL SUR;CORDOBA;148000.0;46872.0;135000.0;535.0;246.0;588.0;630.0;252.0;750.0;3
STOECKLIN;LA CALERA;86660.0;50511.0;70000.0;265.0;159.0;238.0;696.0;343.0;690.0;10
SUAREZ;CORDOBA;25500.0;3536.0;25500.0;129.0;50.0;129.0;177.0;19.0;177.0;2
TABLADA PARK;CORDOBA;204872.0;113712.0;154500.0;518.0;259.0;387.0;828.0;327.0;833.0;32
TALLERES ESTE;CORDOBA;56464.0;32389.0;45000.0;314.0;199.0;283.0;405.0;143.0;400.0;28
TALLERES OESTE;CORDOBA;61032.0;32237.0;50000.0;322.0;153.0;277.0;399.0;125.0;382.0;25
TALLERES SUD;CORDOBA;46700.0;17526.0;39950.0;219.0;146.0;154.0;400.0;343.0;400.0;4
TEJAS 1;CORDOBA;229471.0;65611.0;227500.0;1003.0;432.0;943.0;1085.0;228.0;1076.0;34
TEJAS 2;CORDOBA;237124.0;69858.0;240000.0;859.0;244.0;859.0;1176.0;216.0;1121.0;54
TEJAS 3;CORDOBA;240556.0;57775.0;242500.0;482.0;139.0;442.0;1077.0;272.0;1000.0;18
TEJAS 4;CORDOBA;152556.0;44354.0;165000.0;531.0;278.0;514.0;862.0;140.0;873.0;9
TENIENTE BENJ. MATIENZO;CORDOBA;59725.0;35734.0;49500.0;296.0;109.0;289.0;474.0;99.0;456.0;4
TEODORO FELDS;CORDOBA;80273.0;36050.0;68000.0;1145.0;199.0;1104.0;1250.0;;1250.0;11
TERRANOVA;CORDOBA;118000.0;114355.0;55000.0;1046.0;446.0;1225.0;906.0;;906.0;3
TERRAZAS DE LA ESTANZUELA;LA CALERA;170726.0;49379.0;159000.0;637.0;341.0;506.0;962.0;254.0;1000.0;31
TERRAZAS DE MANANTIALES;CORDOBA;151500.0;23335.0;151500.0;636.0;51.0;636.0;812.0;16.0;812.0;2
TERRAZAS DE OHIGGINS;CORDOBA;145000.0;;145000.0;1908.0;;1908.0;;;;1
TERRAZAS DE VILLA ALLENDE;VILLA ALLENDE;186250.0;34718.0;180000.0;313.0;71.0;310.0;847.0;71.0;856.0;8
TRANVIARIOS;CORDOBA;48667.0;10970.0;45000.0;199.0;60.0;171.0;443.0;210.0;336.0;3
UNQUILLO;LAS CORZUELAS;114667.0;60169.0;125000.0;219.0;78.0;205.0;809.0;345.0;625.0;3
UOCRA;CORDOBA;75200.0;59550.0;45000.0;240.0;205.0;186.0;374.0;170.0;326.0;5
URCA;CORDOBA;212284.0;83903.0;198000.0;715.0;411.0;600.0;941.0;220.0;895.0;198
URQUIZA;CORDOBA;39273.0;18757.0;32000.0;366.0;205.0;448.0;344.0;58.0;320.0;11
VALLE CERCANO;CORDOBA;65985.0;25561.0;58000.0;452.0;205.0;392.0;642.0;205.0;614.0;40
VALLE DEL CERRO;CORDOBA;190470.0;67291.0;219900.0;758.0;510.0;575.0;1011.0;328.0;950.0;10
VALLE DEL GOLF;MALAGUENO;204586.0;50401.0;199000.0;421.0;371.0;277.0;904.0;273.0;933.0;37
VALLE DEL SOL;MENDIOLAZA;144647.0;48647.0;130000.0;153.0;68.0;140.0;751.0;311.0;743.0;17
VALLE ESCONDIDO;CORDOBA;305870.0;111808.0;310000.0;793.0;490.0;625.0;1216.0;259.0;1184.0;225
VEINTE DE JUNIO;CORDOBA;63609.0;26154.0;49000.0;239.0;95.0;217.0;419.0;51.0;437.0;11
VICOR;CORDOBA;44333.0;16921.0;40000.0;334.0;168.0;331.0;618.0;336.0;488.0;3
VIEJO ALGARROBO;CORDOBA;369000.0;66933.0;380000.0;246.0;45.0;253.0;1090.0;113.0;1058.0;5
VILLA 9 DE JULIO;CORDOBA;45000.0;;45000.0;64.0;;64.0;352.0;;352.0;1
VILLA ADELA;CORDOBA;40300.0;10965.0;41500.0;201.0;101.0;169.0;347.0;114.0;325.0;10
VILLA ALBERDI;CORDOBA;66375.0;26443.0;57500.0;940.0;500.0;1117.0;571.0;;571.0;4
VILLA ALLENDE;CABANA DEL PILAR;165000.0;;165000.0;330.0;;330.0;550.0;;550.0;1
VILLA ALLENDE PARQUE;CORDOBA;166942.0;124778.0;119990.0;302.0;214.0;228.0;767.0;357.0;649.0;28
VILLA ALLENDE PARQUE;VILLA ALLENDE;119650.0;78538.0;87500.0;252.0;204.0;164.0;733.0;160.0;796.0;20
VILLA ARGENTINA;CORDOBA;142060.0;57309.0;140000.0;563.0;195.0;498.0;675.0;187.0;688.0;15
VILLA AZALAIS;CORDOBA;67333.0;50904.0;55000.0;213.0;82.0;186.0;314.0;106.0;292.0;9
VILLA BELGRANO;CORDOBA;233903.0;91307.0;220000.0;789.0;553.0;646.0;1064.0;317.0;1045.0;406
VILLA BUSTOS;CORDOBA;39000.0;;39000.0;100.0;;100.0;390.0;;390.0;1
VILLA CABRERA;CORDOBA;122813.0;53696.0;110000.0;532.0;309.0;469.0;744.0;248.0;706.0;99
VILLA CARLOS PAZ;CABANA DEL PILAR;165000.0;;165000.0;61.0;;61.0;825.0;;825.0;1
VILLA CARLOS PAZ;SAN MARTIN NORTE;115000.0;;115000.0;230.0;;230.0;1150.0;;1150.0;1
VILLA CATALINA;RIO CEBALLOS;130570.0;32773.0;123500.0;364.0;173.0;309.0;867.0;175.0;871.0;61
VILLA CENTENARIO;CORDOBA;160812.0;68459.0;150000.0;444.0;157.0;415.0;788.0;172.0;767.0;16
VILLA CLARET;CORDOBA;124471.0;38389.0;124000.0;635.0;416.0;664.0;816.0;304.0;776.0;7
VILLA CLAUDINA;CORDOBA;42000.0;;42000.0;167.0;;167.0;519.0;;519.0;1
VILLA CORINA;CORDOBA;51667.0;27538.0;50000.0;184.0;71.0;193.0;311.0;83.0;278.0;3
VILLA CORNU;CORDOBA;80000.0;42622.0;70000.0;349.0;299.0;324.0;655.0;354.0;812.0;4
VILLA CORONEL OLMEDO;CORDOBA;164667.0;203962.0;55000.0;130.0;34.0;122.0;686.0;754.0;257.0;3
VILLA EL LIBERTADOR;CORDOBA;47600.0;24816.0;41000.0;219.0;97.0;224.0;286.0;144.0;234.0;10
VILLA ESQUIU;CORDOBA;102778.0;62247.0;75000.0;319.0;227.0;196.0;647.0;233.0;660.0;9
VILLA EUCARISTICA;CORDOBA;263333.0;129454.0;215000.0;393.0;482.0;137.0;1107.0;283.0;1269.0;3
VILLA LOS ANGELES;CORDOBA;148000.0;;148000.0;392.0;;392.0;740.0;;740.0;1
VILLA LOS PARAISOS;LA CALERA;90000.0;22935.0;86000.0;512.0;358.0;492.0;519.0;49.0;522.0;4
VILLA MAFEKIN;CORDOBA;40000.0;;40000.0;186.0;;186.0;312.0;;312.0;1
VILLA MARTA;CORDOBA;119500.0;20388.0;125000.0;412.0;66.0;400.0;825.0;172.0;765.0;14
VILLA PAEZ;CORDOBA;51000.0;15323.0;47500.0;385.0;203.0;324.0;423.0;79.0;446.0;6
VILLA PARQUE SIQUIMAN;LA PANKANA;160000.0;;160000.0;275.0;;275.0;904.0;;904.0;1
VILLA QUIZQUIZACATE;CORDOBA;123885.0;27675.0;130000.0;320.0;106.0;312.0;782.0;189.0;757.0;13
VILLA REVOL;CORDOBA;59556.0;23612.0;55000.0;628.0;371.0;576.0;537.0;153.0;575.0;9
VILLA RIVERA INDARTE;CORDOBA;130285.0;59508.0;120000.0;366.0;286.0;243.0;781.0;283.0;811.0;82
VILLA SALDAN;CORDOBA;84667.0;56616.0;54000.0;330.0;254.0;294.0;548.0;166.0;600.0;3
VILLA SAN CARLOS;CORDOBA;350000.0;353553.0;350000.0;146.0;5.0;146.0;423.0;457.0;423.0;2
VILLA SIBURU;CORDOBA;110333.0;39958.0;105000.0;1538.0;319.0;1515.0;;;;6
VILLA SOL;CORDOBA;70611.0;26675.0;59500.0;1051.0;150.0;1053.0;;;;18
VILLA URQUIZA;CORDOBA;69000.0;24262.0;59500.0;988.0;442.0;1135.0;;;;4
VILLA WARCALDE;CORDOBA;271318.0;106777.0;280000.0;581.0;340.0;562.0;1140.0;218.0;1143.0;85
VIVERO NORTE;CORDOBA;60000.0;;60000.0;213.0;;213.0;;;;1
YAPEYU;CORDOBA;46363.0;18795.0;40000.0;263.0;114.0;242.0;312.0;76.0;309.0;19
YOFRE H;CORDOBA;35000.0;;35000.0;139.0;;139.0;;;;1
YOFRE I;CORDOBA;48980.0;7208.0;49900.0;229.0;106.0;194.0;423.0;90.0;430.0;5
YOFRE NORTE;CORDOBA;66769.0;30324.0;55000.0;422.0;245.0;400.0;529.0;145.0;522.0;13
YOFRE SUD;CORDOBA;63467.0;33111.0;59000.0;278.0;166.0;236.0;411.0;190.0;336.0;18
ZUMARAN;CORDOBA;59838.0;18443.0;58500.0;432.0;436.0;294.0;495.0;131.0;507.0;16
